{"stats":{"minecraft:crafted":{"minecraft:crafting_table":1,"minecraft:stick":4,"minecraft:stone_sword":1,"minecraft:jungle_planks":16},"minecraft:mined":{"minecraft:crafting_table":1,"minecraft:grass":7,"minecraft:jungle_log":4,"minecraft:light_gray_bed":1,"minecraft:cobblestone":2},"minecraft:used":{"minecraft:stone_sword":24,"minecraft:diamond_sword":4,"minecraft:crafting_table":1,"bunker_down:brittle_pickaxe":2},"minecraft:killed":{"minecraft:sheep":1,"minecraft:zombie":2,"spore:braiomil":1,"minecraft:spider":1,"minecraft:cow":1},"minecraft:killed_by":{"spore:braiomil":1,"spore:inf_human":1},"minecraft:custom":{"minecraft:time_since_rest":5120,"minecraft:sprint_one_cm":14881,"minecraft:damage_taken":525,"minecraft:walk_one_cm":20405,"minecraft:mob_kills":7,"minecraft:drop":5,"minecraft:damage_dealt":1140,"minecraft:interact_with_crafting_table":1,"minecraft:fly_one_cm":50752,"minecraft:open_chest":2,"minecraft:crouch_one_cm":17,"minecraft:play_time":14526,"minecraft:deaths":2,"minecraft:sneak_time":163,"minecraft:jump":119,"minecraft:leave_game":3,"minecraft:time_since_death":5008,"minecraft:climb_one_cm":14232,"minecraft:total_world_time":14526,"minecraft:fall_one_cm":4480},"minecraft:dropped":{"minecraft:wheat_seeds":3,"gravestone:obituary":2},"minecraft:picked_up":{"minecraft:crafting_table":1,"minecraft:jungle_log":4,"minecraft:leather":2,"minecraft:string":2,"minecraft:light_gray_bed":1,"minecraft:wheat_seeds":4,"minecraft:beef":3,"spore:mutated_fiber":2,"minecraft:mutton":2,"minecraft:white_wool":2,"minecraft:cobblestone":2}},"DataVersion":3465}