{"stats":{"minecraft:picked_up":{"minecraft:crafting_table":1,"minecraft:jungle_log":4,"minecraft:leather":2,"minecraft:wheat_seeds":3,"minecraft:beef":3,"minecraft:string":2,"minecraft:white_wool":2,"minecraft:mutton":2,"minecraft:cobblestone":2},"minecraft:used":{"minecraft:stone_sword":24,"minecraft:crafting_table":1,"bunker_down:brittle_pickaxe":2},"minecraft:mined":{"minecraft:grass":7,"minecraft:jungle_log":4,"minecraft:cobblestone":2,"minecraft:crafting_table":1},"minecraft:dropped":{"gravestone:obituary":1,"minecraft:wheat_seeds":2},"minecraft:crafted":{"minecraft:stone_sword":1,"minecraft:crafting_table":1,"minecraft:stick":4,"minecraft:jungle_planks":16},"minecraft:killed":{"minecraft:sheep":1,"minecraft:spider":1,"minecraft:zombie":2,"minecraft:cow":1},"minecraft:custom":{"minecraft:time_since_rest":292,"minecraft:open_chest":1,"minecraft:play_time":5362,"minecraft:sprint_one_cm":8434,"minecraft:deaths":1,"minecraft:damage_taken":285,"minecraft:walk_one_cm":15201,"minecraft:sneak_time":64,"minecraft:mob_kills":6,"minecraft:drop":3,"minecraft:jump":86,"minecraft:damage_dealt":861,"minecraft:leave_game":1,"minecraft:time_since_death":153,"minecraft:total_world_time":5362,"minecraft:climb_one_cm":7126,"minecraft:interact_with_crafting_table":1,"minecraft:fall_one_cm":3644,"minecraft:fly_one_cm":13379},"minecraft:killed_by":{"spore:inf_human":1}},"DataVersion":3465}