{"stats":{"minecraft:custom":{"minecraft:interact_with_furnace":12,"minecraft:mob_kills":11,"minecraft:interact_with_crafting_table":13,"minecraft:leave_game":3,"minecraft:time_since_death":18677,"minecraft:sleep_in_bed":4,"minecraft:climb_one_cm":6895,"minecraft:time_since_rest":5780,"minecraft:sprint_one_cm":165468,"minecraft:damage_taken":2259,"minecraft:walk_one_cm":127048,"minecraft:damage_blocked_by_shield":595,"minecraft:drop":28,"minecraft:damage_dealt":1533,"minecraft:swim_one_cm":44381,"minecraft:fly_one_cm":137846,"minecraft:open_chest":15,"minecraft:crouch_one_cm":10999,"minecraft:play_time":61761,"minecraft:sneak_time":6066,"minecraft:deaths":7,"minecraft:walk_under_water_one_cm":11575,"minecraft:jump":778,"minecraft:walk_on_water_one_cm":34757,"minecraft:total_world_time":61761,"minecraft:fall_one_cm":17248},"minecraft:crafted":{"minecraft:cooked_beef":7,"minecraft:oak_planks":64,"minecraft:stone_shovel":1,"minecraft:crafting_table":4,"minecraft:wooden_pickaxe":1,"minecraft:furnace":2,"minecraft:stone_axe":1,"minecraft:cooked_mutton":3,"minecraft:air":0,"minecraft:stick":12,"minecraft:iron_pickaxe":1,"minecraft:iron_ingot":2,"minecraft:stone_pickaxe":1,"minecraft:torch":8},"minecraft:broken":{"minecraft:stone_pickaxe":1,"minecraft:golden_shovel":1},"minecraft:dropped":{"minecraft:wheat_seeds":2,"minecraft:nether_wart":7,"minecraft:wheat":2,"minecraft:stone_shovel":1,"minecraft:observer":1,"minecraft:flint_and_steel":2,"minecraft:dirt":1,"minecraft:dispenser":1,"minecraft:brown_wool":1,"minecraft:iron_door":1,"minecraft:stone_pressure_plate":1,"gravestone:obituary":12,"minecraft:wooden_pickaxe":1,"minecraft:quartz":4,"minecraft:dandelion":1},"minecraft:used":{"minecraft:cooked_mutton":1,"minecraft:flint_and_steel":20,"minecraft:stone_shovel":106,"minecraft:stone_pickaxe":131,"minecraft:wooden_pickaxe":6,"minecraft:shield":18,"minecraft:cooked_salmon":3,"minecraft:rotten_flesh":1,"minecraft:torch":8,"minecraft:sand":40,"minecraft:crafting_table":5,"minecraft:golden_shovel":32,"minecraft:melon_slice":2,"minecraft:iron_pickaxe":129,"minecraft:iron_door":1,"minecraft:fire_charge":1,"minecraft:stone_axe":57,"minecraft:cobblestone":4,"minecraft:furnace":2,"minecraft:oak_sapling":3,"minecraft:stone_pressure_plate":1,"minecraft:cooked_beef":4,"minecraft:light_gray_bed":6},"minecraft:mined":{"minecraft:smithing_table":1,"minecraft:stone_pressure_plate":1,"minecraft:observer":1,"minecraft:dandelion":1,"minecraft:crafting_table":2,"gravestone:gravestone":7,"minecraft:grass_block":1,"minecraft:melon":4,"minecraft:light_gray_bed":6,"minecraft:tall_grass":2,"minecraft:copper_ore":79,"minecraft:lapis_ore":1,"minecraft:sugar_cane":11,"minecraft:diorite":4,"minecraft:iron_door":1,"minecraft:furnace":2,"minecraft:iron_ore":17,"minecraft:fire":16,"minecraft:grass":16,"minecraft:bookshelf":3,"minecraft:oak_log":16,"minecraft:coal_ore":85,"minecraft:water_cauldron":2,"minecraft:gravel":78,"minecraft:sand":48,"minecraft:dispenser":1,"minecraft:stone":70,"minecraft:fern":4},"minecraft:killed_by":{"spore:inf_player":1,"minecraft:player":2,"spore:leaper":3},"minecraft:picked_up":{"spore:mutated_heart":1,"minecraft:crafting_table":2,"minecraft:iron_door":2,"minecraft:brown_wool":1,"minecraft:leather":1,"minecraft:smithing_table":1,"minecraft:flint":10,"gravestone:obituary":5,"minecraft:oak_log":16,"minecraft:shield":1,"minecraft:lapis_lazuli":4,"minecraft:dirt":1,"minecraft:raw_copper":265,"minecraft:cooked_salmon":3,"minecraft:flint_and_steel":1,"minecraft:wheat_seeds":2,"minecraft:beef":7,"minecraft:iron_ingot":2,"spore:mutated_fiber":10,"minecraft:observer":1,"minecraft:melon_slice":19,"minecraft:sugar_cane":18,"minecraft:furnace":1,"minecraft:book":9,"minecraft:raw_iron":17,"minecraft:quartz":2,"minecraft:dandelion":1,"minecraft:gravel":64,"minecraft:sand":65,"minecraft:stone_pressure_plate":2,"minecraft:cauldron":2,"minecraft:dispenser":1,"minecraft:light_gray_bed":6,"minecraft:rotten_flesh":1,"minecraft:oak_sapling":3,"minecraft:coal":98,"minecraft:mutton":3,"minecraft:white_wool":2,"minecraft:cobblestone":69},"minecraft:killed":{"spore:inf_player":1,"minecraft:sheep":3,"minecraft:skeleton":1,"minecraft:zombie":3,"minecraft:cow":3}},"DataVersion":3465}