{"stats":{"minecraft:custom":{"minecraft:interact_with_furnace":21,"minecraft:mob_kills":33,"minecraft:interact_with_crafting_table":10,"minecraft:leave_game":7,"minecraft:time_since_death":16846,"minecraft:sleep_in_bed":4,"minecraft:climb_one_cm":20732,"minecraft:time_since_rest":5475,"minecraft:sprint_one_cm":100870,"minecraft:damage_taken":1560,"minecraft:walk_one_cm":234466,"minecraft:trigger_trapped_chest":4,"minecraft:drop":31,"minecraft:damage_dealt":4441,"minecraft:swim_one_cm":8054,"minecraft:fly_one_cm":86721,"minecraft:player_kills":1,"minecraft:play_time":43644,"minecraft:open_chest":6,"minecraft:crouch_one_cm":6696,"minecraft:sneak_time":3204,"minecraft:deaths":5,"minecraft:walk_under_water_one_cm":3445,"minecraft:jump":728,"minecraft:walk_on_water_one_cm":3487,"minecraft:total_world_time":43644,"minecraft:fall_one_cm":15315},"minecraft:crafted":{"minecraft:cooked_beef":8,"minecraft:wooden_sword":1,"minecraft:oak_planks":8,"minecraft:crafting_table":1,"minecraft:furnace":1,"minecraft:yellow_bed":1,"minecraft:stone_axe":1,"minecraft:air":0,"minecraft:jungle_planks":32,"minecraft:charcoal":8,"minecraft:yellow_dye":1,"minecraft:stick":40,"minecraft:stone_pickaxe":1,"minecraft:wooden_axe":1,"minecraft:stone_sword":1,"minecraft:torch":28},"minecraft:dropped":{"minecraft:wheat_seeds":3,"minecraft:stone_sword":2,"minecraft:cobbled_deepslate":1,"minecraft:feather":2,"minecraft:cobblestone":2,"minecraft:rotten_flesh":5,"minecraft:clay_ball":7,"minecraft:grass_block":1,"minecraft:flint":1,"minecraft:dirt":10,"minecraft:wooden_axe":1,"minecraft:cracked_deepslate_tiles":1,"gravestone:obituary":8,"minecraft:stone_bricks":2,"minecraft:wooden_sword":1,"bunker_down:underroot_stage_1":3,"minecraft:wooden_pickaxe":1,"minecraft:stone_pickaxe":1,"minecraft:white_wool":5,"minecraft:black_wool":1},"minecraft:used":{"minecraft:stone_sword":89,"minecraft:stone_pickaxe":94,"minecraft:dispenser":1,"minecraft:wooden_pickaxe":23,"minecraft:torch":13,"minecraft:crafting_table":3,"minecraft:carrot":2,"minecraft:jungle_planks":2,"minecraft:jungle_sapling":1,"minecraft:wooden_axe":1,"minecraft:gravel":1,"bunker_down:airlock_iron_door":1,"minecraft:wooden_sword":24,"minecraft:stone_axe":78,"minecraft:cobblestone":2,"minecraft:furnace":1,"minecraft:yellow_bed":2,"minecraft:light_gray_bed":3,"minecraft:observer":1},"minecraft:mined":{"bunker_down:airlock_iron_door":1,"horror_element_mod:impaled_skeleton":1,"minecraft:jungle_leaves":3,"minecraft:dandelion":1,"minecraft:crafting_table":2,"gravestone:gravestone":4,"minecraft:jungle_planks":2,"minecraft:jungle_log":43,"minecraft:light_gray_bed":4,"minecraft:redstone_wire":1,"minecraft:copper_ore":42,"minecraft:tall_grass":3,"minecraft:cobblestone":3,"minecraft:sugar_cane":6,"bunker_down:underroot":2,"minecraft:furnace":1,"minecraft:iron_ore":1,"minecraft:cobbled_deepslate":1,"minecraft:coal_ore":32,"minecraft:yellow_bed":1,"minecraft:grass":8,"minecraft:cracked_deepslate_tiles":1,"minecraft:oak_log":32,"minecraft:vine":4,"minecraft:gravel":1,"minecraft:dirt":3,"minecraft:stone":30,"minecraft:stone_bricks":2,"minecraft:oak_leaves":10,"horror_element_mod:spider_head":1},"minecraft:killed_by":{"spore:inf_player":1,"minecraft:player":1,"spore:busser":1,"spore:leaper":2},"minecraft:picked_up":{"minecraft:cracked_deepslate_tiles":1,"minecraft:crafting_table":3,"minecraft:feather":2,"minecraft:chicken":2,"minecraft:clay_ball":7,"minecraft:jungle_log":43,"minecraft:leather":2,"minecraft:flint":1,"minecraft:oak_log":34,"gravestone:obituary":4,"bunker_down:airlock_iron_door":1,"minecraft:yellow_bed":1,"minecraft:string":1,"minecraft:dirt":10,"minecraft:raw_copper":124,"minecraft:bone":5,"minecraft:stone_bricks":2,"minecraft:wheat_seeds":3,"minecraft:cobbled_deepslate":1,"minecraft:beef":16,"minecraft:stone_pickaxe":1,"spore:mutated_fiber":4,"minecraft:jungle_sapling":2,"minecraft:sugar_cane":15,"horror_element_mod:spider_head":1,"minecraft:furnace":1,"minecraft:raw_iron":1,"minecraft:stick":2,"bunker_down:underroot_stage_1":3,"minecraft:dandelion":1,"minecraft:gravel":1,"minecraft:porkchop":6,"minecraft:jungle_planks":2,"minecraft:grass_block":1,"minecraft:carrot":1,"minecraft:redstone":1,"minecraft:stone_sword":2,"minecraft:arrow":2,"minecraft:rotten_flesh":7,"minecraft:light_gray_bed":4,"minecraft:coal":32,"minecraft:black_wool":1,"minecraft:mutton":9,"minecraft:white_wool":5,"minecraft:cobblestone":35},"minecraft:killed":{"minecraft:pig":5,"spore:inf_player":1,"minecraft:spider":3,"minecraft:sheep":6,"spore:inf_villager":1,"minecraft:zombie":5,"minecraft:chicken":2,"minecraft:enderman":1,"minecraft:cow":7}},"DataVersion":3465}