{"stats":{"minecraft:custom":{"minecraft:interact_with_furnace":15,"minecraft:mob_kills":33,"minecraft:interact_with_crafting_table":9,"minecraft:leave_game":5,"minecraft:time_since_death":19964,"minecraft:sleep_in_bed":2,"minecraft:climb_one_cm":7367,"minecraft:time_since_rest":19989,"minecraft:sprint_one_cm":292145,"minecraft:damage_taken":2845,"minecraft:walk_one_cm":219072,"minecraft:damage_blocked_by_shield":240,"minecraft:drop":18,"minecraft:damage_dealt":3683,"minecraft:player_kills":2,"minecraft:swim_one_cm":43399,"minecraft:fly_one_cm":132318,"minecraft:open_chest":3,"minecraft:crouch_one_cm":713,"minecraft:play_time":63256,"minecraft:sneak_time":430,"minecraft:deaths":8,"minecraft:walk_under_water_one_cm":10855,"minecraft:jump":1023,"minecraft:walk_on_water_one_cm":20807,"minecraft:total_world_time":63256,"minecraft:fall_one_cm":17430},"minecraft:crafted":{"minecraft:wooden_sword":1,"minecraft:oak_planks":20,"minecraft:stone_shovel":1,"minecraft:cooked_porkchop":2,"minecraft:crafting_table":1,"minecraft:wooden_pickaxe":1,"minecraft:cooked_chicken":1,"minecraft:cooked_salmon":10,"minecraft:stone_axe":1,"minecraft:air":0,"minecraft:jungle_planks":80,"minecraft:shield":2,"minecraft:stick":16,"minecraft:iron_ingot":13,"minecraft:iron_pickaxe":1,"minecraft:wooden_axe":1,"minecraft:torch":12},"minecraft:broken":{"minecraft:wooden_sword":1,"minecraft:wooden_axe":1},"minecraft:dropped":{"minecraft:wheat_seeds":1,"minecraft:cocoa_beans":4,"minecraft:feather":2,"spore:mutated_fiber":4,"minecraft:dirt":28,"minecraft:shield":2,"minecraft:cooked_salmon":3,"gravestone:obituary":10},"minecraft:mined":{"minecraft:jungle_leaves":1,"minecraft:crafting_table":4,"gravestone:gravestone":4,"minecraft:grass_block":5,"minecraft:melon":6,"minecraft:jungle_log":39,"minecraft:light_gray_bed":6,"minecraft:copper_ore":2,"minecraft:iron_door":1,"minecraft:wall_torch":1,"minecraft:seagrass":1,"minecraft:tall_seagrass":3,"minecraft:furnace":3,"minecraft:iron_ore":5,"minecraft:fire":4,"minecraft:pumpkin":2,"minecraft:gold_block":1,"minecraft:pointed_dripstone":1,"minecraft:coal_ore":37,"minecraft:grass":17,"minecraft:oak_log":28,"minecraft:vine":5,"minecraft:gravel":9,"minecraft:sand":32,"minecraft:dirt":27,"minecraft:stone":49,"minecraft:oak_leaves":9,"minecraft:fern":4},"minecraft:used":{"minecraft:stone_shovel":72,"minecraft:wooden_pickaxe":15,"minecraft:ender_pearl":1,"minecraft:shield":7,"minecraft:cooked_salmon":7,"minecraft:cooked_chicken":1,"minecraft:rotten_flesh":4,"minecraft:torch":13,"minecraft:mutton":2,"minecraft:crafting_table":3,"minecraft:jungle_planks":2,"minecraft:jungle_sapling":1,"minecraft:wooden_axe":52,"minecraft:melon_slice":3,"minecraft:iron_pickaxe":105,"minecraft:iron_door":2,"minecraft:stone_axe":44,"minecraft:wooden_sword":68,"minecraft:cobblestone":4,"minecraft:beef":7,"minecraft:oak_sapling":3,"minecraft:furnace":3,"minecraft:cooked_porkchop":2,"minecraft:stone_pressure_plate":1,"minecraft:observer":1,"minecraft:light_gray_bed":4},"minecraft:killed_by":{"spore:inf_player":2,"spore:busser":3,"minecraft:drowned":1,"spore:inf_wanderer":1,"spore:leaper":1},"minecraft:picked_up":{"minecraft:cocoa_beans":4,"minecraft:crafting_table":4,"minecraft:feather":2,"minecraft:chicken":1,"minecraft:iron_door":2,"minecraft:salmon":10,"minecraft:jungle_log":38,"minecraft:leather":2,"minecraft:wooden_pickaxe":1,"minecraft:gold_block":1,"minecraft:flint":2,"minecraft:oak_log":27,"gravestone:obituary":2,"minecraft:shield":1,"minecraft:raw_copper":9,"minecraft:dirt":28,"minecraft:bone":2,"minecraft:wheat_seeds":1,"minecraft:beef":7,"minecraft:observer":1,"spore:mutated_fiber":4,"minecraft:jungle_sapling":1,"minecraft:melon_slice":30,"minecraft:furnace":4,"minecraft:raw_iron":5,"minecraft:pumpkin":2,"minecraft:torch":1,"minecraft:gravel":7,"minecraft:porkchop":4,"minecraft:sand":13,"minecraft:pointed_dripstone":2,"minecraft:grass_block":1,"minecraft:stone_pressure_plate":1,"minecraft:rotten_flesh":4,"minecraft:arrow":2,"minecraft:dispenser":1,"minecraft:light_gray_bed":6,"minecraft:bone_meal":1,"minecraft:oak_sapling":3,"minecraft:coal":184,"minecraft:mutton":7,"minecraft:white_wool":4,"minecraft:cobblestone":50,"minecraft:ender_pearl":1},"minecraft:killed":{"minecraft:pig":2,"spore:inf_player":1,"minecraft:salmon":9,"minecraft:sheep":4,"minecraft:skeleton":2,"minecraft:zombie":7,"minecraft:chicken":1,"minecraft:drowned":1,"minecraft:cow":4}},"DataVersion":3465}