{"stats":{"minecraft:picked_up":{"minecraft:light_gray_bed":2,"minecraft:rotten_flesh":1,"minecraft:wheat_seeds":4},"minecraft:used":{"minecraft:wheat_seeds":2},"minecraft:mined":{"minecraft:grass":4,"minecraft:light_gray_bed":2,"minecraft:fern":1},"minecraft:dropped":{"minecraft:rotten_flesh":1,"minecraft:wheat_seeds":2},"minecraft:killed":{"minecraft:zombie":1},"minecraft:custom":{"minecraft:time_since_rest":3624,"minecraft:open_chest":1,"minecraft:crouch_one_cm":67,"minecraft:play_time":3624,"minecraft:sprint_one_cm":5787,"minecraft:damage_taken":75,"minecraft:walk_one_cm":9013,"minecraft:sneak_time":7,"minecraft:mob_kills":1,"minecraft:drop":3,"minecraft:jump":23,"minecraft:damage_dealt":226,"minecraft:leave_game":1,"minecraft:time_since_death":3624,"minecraft:total_world_time":3624,"minecraft:climb_one_cm":13370,"minecraft:fall_one_cm":211,"minecraft:interact_with_crafting_table":1,"minecraft:fly_one_cm":1255}},"DataVersion":3465}